Country/area,Year,Total Renewable,Solar photovoltaic,Solar thermal energy,Onshore wind energy,Offshore wind energy,Renewable hydropower,Mixed Hydro Plants,Marine energy,Solid biofuels,Renewable municipal waste,Liquid biofuels,Biogas,Geothermal energy,Total Non-Renewable,Pumped storage,Coal and peat,Oil,Natural gas,Fossil fuels n.e.s.,Nuclear,Other non-renewable energy
"China, Hong Kong Special Administrative Region",2000,0.0,0.0,0.0,0.0,0.0,0.0,0.0,0.0,0.0,0.0,0.0,0.0,0.0,11568.0,0.0,6146.9,2762.5,2658.6,0.0,0.0,0.0
"China, Hong Kong Special Administrative Region",2001,0.0,0.0,0.0,0.0,0.0,0.0,0.0,0.0,0.0,0.0,0.0,0.0,0.0,11568.0,0.0,6146.9,2762.5,2658.6,0.0,0.0,0.0
"China, Hong Kong Special Administrative Region",2002,0.0,0.0,0.0,0.0,0.0,0.0,0.0,0.0,0.0,0.0,0.0,0.0,0.0,11606.0,0.0,6146.9,2435.5,3023.6,0.0,0.0,0.0
"China, Hong Kong Special Administrative Region",2003,0.0,0.0,0.0,0.0,0.0,0.0,0.0,0.0,0.0,0.0,0.0,0.0,0.0,11683.0,0.0,6146.9,2512.5,3023.6,0.0,0.0,0.0
"China, Hong Kong Special Administrative Region",2004,0.0,0.0,0.0,0.0,0.0,0.0,0.0,0.0,0.0,0.0,0.0,0.0,0.0,9703.0,0.0,6146.9,532.5,3023.6,0.0,0.0,0.0
"China, Hong Kong Special Administrative Region",2005,0.0,0.0,0.0,0.0,0.0,0.0,0.0,0.0,0.0,0.0,0.0,0.0,0.0,11804.0,0.0,6146.9,2633.5,3023.6,0.0,0.0,0.0
"China, Hong Kong Special Administrative Region",2006,0.0,0.0,0.0,0.0,0.0,0.0,0.0,0.0,0.0,0.0,0.0,0.0,0.0,12320.0,0.0,6146.9,2849.5,3323.6,0.0,0.0,0.0
"China, Hong Kong Special Administrative Region",2007,0.0,0.0,0.0,0.0,0.0,0.0,0.0,0.0,0.0,0.0,0.0,0.0,0.0,12644.0,0.0,6146.9,3173.5,3323.6,0.0,0.0,0.0
"China, Hong Kong Special Administrative Region",2008,0.0,0.0,0.0,0.0,0.0,0.0,0.0,0.0,0.0,0.0,0.0,0.0,0.0,12624.0,0.0,6146.9,3153.5,3323.6,0.0,0.0,0.0
"China, Hong Kong Special Administrative Region",2009,0.0,0.0,0.0,0.0,0.0,0.0,0.0,0.0,0.0,0.0,0.0,0.0,0.0,12644.0,0.0,6146.9,3173.5,3323.6,0.0,0.0,0.0
"China, Hong Kong Special Administrative Region",2010,0.0,0.0,0.0,0.0,0.0,0.0,0.0,0.0,0.0,0.0,0.0,0.0,0.0,12624.0,0.0,6146.9,3153.5,3323.6,0.0,0.0,0.0
"China, Hong Kong Special Administrative Region",2011,0.0,0.0,0.0,0.0,0.0,0.0,0.0,0.0,0.0,0.0,0.0,0.0,0.0,12624.0,0.0,6146.9,3153.5,3323.6,0.0,0.0,0.0
"China, Hong Kong Special Administrative Region",2012,0.0,0.0,0.0,0.0,0.0,0.0,0.0,0.0,0.0,0.0,0.0,0.0,0.0,12625.0,0.0,6146.9,3154.5,3323.6,0.0,0.0,0.0
"China, Hong Kong Special Administrative Region",2013,0.0,0.0,0.0,0.0,0.0,0.0,0.0,0.0,0.0,0.0,0.0,0.0,0.0,12625.0,0.0,6146.9,3154.5,3323.6,0.0,0.0,0.0
"China, Hong Kong Special Administrative Region",2014,0.5,0.0,0.0,0.0,0.0,0.5,0.0,0.0,0.0,0.0,0.0,0.0,0.0,12625.0,0.0,6146.9,3154.5,3323.6,0.0,0.0,0.0
"China, Hong Kong Special Administrative Region",2015,0.5,0.0,0.0,0.0,0.0,0.5,0.0,0.0,0.0,0.0,0.0,0.0,0.0,12625.0,0.0,6146.9,3154.5,3323.6,0.0,0.0,0.0
"China, Hong Kong Special Administrative Region",2016,17.113,0.0,0.0,0.0,0.0,0.5,0.0,0.0,0.0,0.0,0.0,16.613,0.0,10668.0,0.0,6146.9,1197.5,3323.6,0.0,0.0,0.0
"China, Hong Kong Special Administrative Region",2017,46.916,1.0,0.0,0.803,0.0,0.5,0.0,0.0,28.0,0.0,0.0,16.613,0.0,10510.0,0.0,5896.9,1289.5,3323.6,0.0,0.0,0.0
"China, Hong Kong Special Administrative Region",2018,46.916,1.0,0.0,0.803,0.0,0.5,0.0,0.0,28.0,0.0,0.0,16.613,0.0,10300.0,0.0,5646.9,1329.5,3323.6,0.0,0.0,0.0
"China, Hong Kong Special Administrative Region",2019,142.559,89.0,0.0,0.803,0.0,0.5,0.0,0.0,28.0,0.0,0.0,24.256,0.0,10243.0,0.0,5646.9,1272.5,3323.6,0.0,0.0,0.0
"China, Hong Kong Special Administrative Region",2020,144.559,91.0,0.0,0.803,0.0,0.5,0.0,0.0,28.0,0.0,0.0,24.256,0.0,10497.2,0.0,5646.9,596.7,4253.6,0.0,0.0,0.0
"China, Hong Kong Special Administrative Region",2021,148.9,95.341,0.0,0.803,0.0,0.5,0.0,0.0,28.0,0.0,0.0,24.256,0.0,10751.4,0.0,5646.9,850.9,4253.6,0.0,0.0,0.0
"China, Hong Kong Special Administrative Region",2022,244.463,184.8,0.0,0.8,0.0,0.66,0.0,0.0,28.0,0.0,0.0,30.203,0.0,10583.0,0.0,5419.0,851.0,4313.0,0.0,0.0,0.0
"China, Hong Kong Special Administrative Region",2023,250.813,191.15,0.0,0.8,0.0,0.66,0.0,0.0,28.0,0.0,0.0,30.203,0.0,10583.0,0.0,5419.0,851.0,4313.0,0.0,0.0,0.0
