Country/area,Year,Total Renewable,Solar photovoltaic,Solar thermal energy,Onshore wind energy,Offshore wind energy,Renewable hydropower,Mixed Hydro Plants,Marine energy,Solid biofuels,Renewable municipal waste,Liquid biofuels,Biogas,Geothermal energy,Total Non-Renewable,Pumped storage,Coal and peat,Oil,Natural gas,Fossil fuels n.e.s.,Nuclear,Other non-renewable energy
South Georgia and the South Sandwich Islands,2000,0.006,0.0,0.0,0.006,0.0,0.0,0.0,0.0,0.0,0.0,0.0,0.0,0.0,0.13,0.0,0.0,0.13,0.0,0.0,0.0,0.0
South Georgia and the South Sandwich Islands,2001,0.006,0.0,0.0,0.006,0.0,0.0,0.0,0.0,0.0,0.0,0.0,0.0,0.0,0.13,0.0,0.0,0.13,0.0,0.0,0.0,0.0
South Georgia and the South Sandwich Islands,2002,0.006,0.0,0.0,0.006,0.0,0.0,0.0,0.0,0.0,0.0,0.0,0.0,0.0,0.13,0.0,0.0,0.13,0.0,0.0,0.0,0.0
South Georgia and the South Sandwich Islands,2003,0.006,0.0,0.0,0.006,0.0,0.0,0.0,0.0,0.0,0.0,0.0,0.0,0.0,0.13,0.0,0.0,0.13,0.0,0.0,0.0,0.0
South Georgia and the South Sandwich Islands,2004,0.006,0.0,0.0,0.006,0.0,0.0,0.0,0.0,0.0,0.0,0.0,0.0,0.0,0.13,0.0,0.0,0.13,0.0,0.0,0.0,0.0
South Georgia and the South Sandwich Islands,2005,0.006,0.0,0.0,0.006,0.0,0.0,0.0,0.0,0.0,0.0,0.0,0.0,0.0,0.13,0.0,0.0,0.13,0.0,0.0,0.0,0.0
South Georgia and the South Sandwich Islands,2006,0.006,0.0,0.0,0.006,0.0,0.0,0.0,0.0,0.0,0.0,0.0,0.0,0.0,0.13,0.0,0.0,0.13,0.0,0.0,0.0,0.0
South Georgia and the South Sandwich Islands,2007,0.186,0.0,0.0,0.006,0.0,0.18,0.0,0.0,0.0,0.0,0.0,0.0,0.0,0.13,0.0,0.0,0.13,0.0,0.0,0.0,0.0
South Georgia and the South Sandwich Islands,2008,0.186,0.0,0.0,0.006,0.0,0.18,0.0,0.0,0.0,0.0,0.0,0.0,0.0,0.13,0.0,0.0,0.13,0.0,0.0,0.0,0.0
South Georgia and the South Sandwich Islands,2009,0.186,0.0,0.0,0.006,0.0,0.18,0.0,0.0,0.0,0.0,0.0,0.0,0.0,0.13,0.0,0.0,0.13,0.0,0.0,0.0,0.0
South Georgia and the South Sandwich Islands,2010,0.186,0.0,0.0,0.006,0.0,0.18,0.0,0.0,0.0,0.0,0.0,0.0,0.0,0.13,0.0,0.0,0.13,0.0,0.0,0.0,0.0
South Georgia and the South Sandwich Islands,2011,0.186,0.0,0.0,0.006,0.0,0.18,0.0,0.0,0.0,0.0,0.0,0.0,0.0,0.13,0.0,0.0,0.13,0.0,0.0,0.0,0.0
South Georgia and the South Sandwich Islands,2012,0.186,0.0,0.0,0.006,0.0,0.18,0.0,0.0,0.0,0.0,0.0,0.0,0.0,0.13,0.0,0.0,0.13,0.0,0.0,0.0,0.0
South Georgia and the South Sandwich Islands,2013,0.186,0.0,0.0,0.006,0.0,0.18,0.0,0.0,0.0,0.0,0.0,0.0,0.0,0.13,0.0,0.0,0.13,0.0,0.0,0.0,0.0
South Georgia and the South Sandwich Islands,2014,0.186,0.0,0.0,0.006,0.0,0.18,0.0,0.0,0.0,0.0,0.0,0.0,0.0,0.13,0.0,0.0,0.13,0.0,0.0,0.0,0.0
South Georgia and the South Sandwich Islands,2015,0.186,0.0,0.0,0.006,0.0,0.18,0.0,0.0,0.0,0.0,0.0,0.0,0.0,0.13,0.0,0.0,0.13,0.0,0.0,0.0,0.0
South Georgia and the South Sandwich Islands,2016,0.186,0.0,0.0,0.006,0.0,0.18,0.0,0.0,0.0,0.0,0.0,0.0,0.0,0.13,0.0,0.0,0.13,0.0,0.0,0.0,0.0
South Georgia and the South Sandwich Islands,2017,0.186,0.0,0.0,0.006,0.0,0.18,0.0,0.0,0.0,0.0,0.0,0.0,0.0,0.13,0.0,0.0,0.13,0.0,0.0,0.0,0.0
South Georgia and the South Sandwich Islands,2018,0.186,0.0,0.0,0.006,0.0,0.18,0.0,0.0,0.0,0.0,0.0,0.0,0.0,0.13,0.0,0.0,0.13,0.0,0.0,0.0,0.0
South Georgia and the South Sandwich Islands,2019,0.186,0.0,0.0,0.006,0.0,0.18,0.0,0.0,0.0,0.0,0.0,0.0,0.0,0.13,0.0,0.0,0.13,0.0,0.0,0.0,0.0
South Georgia and the South Sandwich Islands,2020,0.186,0.0,0.0,0.006,0.0,0.18,0.0,0.0,0.0,0.0,0.0,0.0,0.0,0.13,0.0,0.0,0.13,0.0,0.0,0.0,0.0
South Georgia and the South Sandwich Islands,2021,0.186,0.0,0.0,0.006,0.0,0.18,0.0,0.0,0.0,0.0,0.0,0.0,0.0,0.13,0.0,0.0,0.13,0.0,0.0,0.0,0.0
South Georgia and the South Sandwich Islands,2022,0.186,0.0,0.0,0.006,0.0,0.18,0.0,0.0,0.0,0.0,0.0,0.0,0.0,0.13,0.0,0.0,0.13,0.0,0.0,0.0,0.0
South Georgia and the South Sandwich Islands,2023,0.186,0.0,0.0,0.006,0.0,0.18,0.0,0.0,0.0,0.0,0.0,0.0,0.0,0.13,0.0,0.0,0.13,0.0,0.0,0.0,0.0
